Diet,CP_AI_pred,NDF_AI_pred,ADF_AI_pred,ADL_AI_pred,CP_DM_pred,NDF_DM_pred,ADF_DM_pred,ADL_DM_pred,Beaker_mass,DM_sample_mass,Post_Dry_wbeaker,DM,CP_AI,C_AI,C_DM,Fibre_bag_mass,Fiber_sample_mass,Fibre_bag_sample_mass,Post_NDF_wbag,NDF_AI,Post_ADF_wbag,ADF_AI,Post_ADL_wbag,ADL_AI,NDF_DM,ADF_DM,ADL_DM
A,5.3,60.2,36.1,23.7,6.3,71.79,43.06,28.23,28.5253,7.7021,35.451,0.899196323,5.873,43.95,48.87697923,0.4939,0.644,1.1328,0.8645,0.575465839,0.703,0.324689441,0.5209,0.041925466,63.99779711,36.10884883,4.66254863
B,8.3,37.5,22.5,10.1,9.38,42.22,25.33,11.41,,,,0.890379955,7.688,43.23,48.55230596,0.4833,0.9214,0.13961,0.8398,0.386911222,0.6811,0.214673323,0.5092,0.028109399,,,
C,11.7,32.4,19.5,7.7,12.98,35.95,21.63,8.57,28.8105,8.231,36.1072,0.886490098,11.05,43.65,49.23912867,0.4743,0.7258,1.1932,0.7099,0.32460733,0.6071,0.182970515,0.4934,0.026315789,36.61714106,20.63988257,2.968537327
D,15,30,18,8.4,16.58,33.17,19.9,9.25,28.7037,8.7519,36.4531,0.885453444,14.83,42.9,48.44975226,0.4898,0.6419,1.122,0.7006,0.328400062,0.6099,0.187100795,0.5075,0.027574389,37.08834884,21.13050615,3.114154528
